qty,card,price_usd,scryfall_url,tcgplayer_url,game_changer
1,Imperial Seal,170.58,https://scryfall.com/card/2x2/79/imperial-seal,https://www.tcgplayer.com/product/276288,Game Changer
1,Mox Amber,87.79,https://scryfall.com/card/dom/224/mox-amber,https://www.tcgplayer.com/product/162125,
1,Demonic Tutor,63.10,https://scryfall.com/card/plst/DDC-49/demonic-tutor,https://www.tcgplayer.com/product/203644,Game Changer
1,Rhystic Study,61.95,https://scryfall.com/card/pcy/45/rhystic-study,https://www.tcgplayer.com/product/7357,Game Changer
1,Fierce Guardianship,59.66,https://scryfall.com/card/c20/35/fierce-guardianship,https://www.tcgplayer.com/product/212218,Game Changer
1,Ancient Tomb,56.94,https://scryfall.com/card/wc99/kb315/ancient-tomb,https://www.tcgplayer.com/product/164409,Game Changer
1,Vampiric Tutor,51.00,https://scryfall.com/card/wc99/js161/vampiric-tutor,https://www.tcgplayer.com/product/164949,Game Changer
1,Roaming Throne,49.25,https://scryfall.com/card/lci/344/roaming-throne,https://www.tcgplayer.com/product/525241,
1,Cavern of Souls,48.08,https://scryfall.com/card/avr/226/cavern-of-souls,https://www.tcgplayer.com/product/58842,
1,Chrome Mox,47.56,https://scryfall.com/card/wc04/mb152/chrome-mox,https://www.tcgplayer.com/product/174378,Game Changer
1,Force of Negation,45.86,https://scryfall.com/card/tle/13/force-of-negation,https://www.tcgplayer.com/product/660518,
1,Scalding Tarn,38.37,https://scryfall.com/card/mh2/254/scalding-tarn,https://www.tcgplayer.com/product/238610,
1,Lotus Petal,34.73,https://scryfall.com/card/mb2/226/lotus-petal,https://www.tcgplayer.com/product/563253,
1,Bloodletter of Aclazotz,34.32,https://scryfall.com/card/plci/92p/bloodletter-of-aclazotz,https://www.tcgplayer.com/product/526862,
1,Marsh Flats,32.13,https://scryfall.com/card/mm3/239/marsh-flats,https://www.tcgplayer.com/product/128221,
1,Cyclonic Rift,30.04,https://scryfall.com/card/2xm/47/cyclonic-rift,https://www.tcgplayer.com/product/218370,Game Changer
1,Morphic Pool,26.99,https://scryfall.com/card/clb/357/morphic-pool,https://www.tcgplayer.com/product/267057,
1,Deadly Rollick,26.69,https://scryfall.com/card/sld/1754/deadly-rollick,https://www.tcgplayer.com/product/625928,
1,Force of Will,26.56,https://scryfall.com/card/wc97/jk28/force-of-will,https://www.tcgplayer.com/product/162316,Game Changer
1,Grim Tutor,24.46,https://scryfall.com/card/m21/103/grim-tutor,https://www.tcgplayer.com/product/215341,
1,Polluted Delta,20.50,https://scryfall.com/card/ktk/239/polluted-delta,https://www.tcgplayer.com/product/92829,
1,Diabolic Intent,15.37,https://scryfall.com/card/fca/34/diabolic-intent,https://www.tcgplayer.com/product/632688,
1,Sakashima the Impostor,13.82,https://scryfall.com/card/plst/SOK-53/sakashima-the-impostor,https://www.tcgplayer.com/product/204143,
1,Coat of Arms,12.24,https://scryfall.com/card/sld/2682/coat-of-arms,https://www.tcgplayer.com/product/704936,
1,Mystic Remora,10.55,https://scryfall.com/card/ice/87/mystic-remora,https://www.tcgplayer.com/product/4815,
1,Swan Song,9.99,https://scryfall.com/card/eoc/46/swan-song,https://www.tcgplayer.com/product/642791,
1,Watery Grave,9.67,https://scryfall.com/card/grn/259/watery-grave,https://www.tcgplayer.com/product/175205,
1,Eldrazi Monument,9.14,https://scryfall.com/card/plst/CMA-216/eldrazi-monument,https://www.tcgplayer.com/product/202949,
1,Undercity Sewers,8.32,https://scryfall.com/card/pza/20/undercity-sewers,https://www.tcgplayer.com/product/679230,
1,Virtus the Veiled,8.31,https://scryfall.com/card/bbd/7/virtus-the-veiled,https://www.tcgplayer.com/product/167533,
1,Ashnod's Altar,8.15,https://scryfall.com/card/wc00/nl274/ashnods-altar,https://www.tcgplayer.com/product/164493,
1,Demonic Consultation,7.36,https://scryfall.com/card/mb2/181/demonic-consultation,https://www.tcgplayer.com/product/563085,
1,Achilles Davenport,6.76,https://scryfall.com/card/acr/294/achilles-davenport,https://www.tcgplayer.com/product/555925,
1,Reanimate,6.61,https://scryfall.com/card/fic/282/reanimate,https://www.tcgplayer.com/product/631573,
1,Vein Ripper,6.29,https://scryfall.com/card/mkm/346/vein-ripper,https://www.tcgplayer.com/product/533410,
1,Snuff Out,5.79,https://scryfall.com/card/fic/285/snuff-out,https://www.tcgplayer.com/product/631256,
1,"Mari, the Killing Quill",5.19,https://scryfall.com/card/ncc/89/mari-the-killing-quill,https://www.tcgplayer.com/product/269114,
1,Spark Double,5.03,https://scryfall.com/card/msc/279/spark-double,https://www.tcgplayer.com/product/698034,
1,Skullclamp,4.85,https://scryfall.com/card/fic/355/skullclamp,https://www.tcgplayer.com/product/631240,
1,Unstoppable Slasher,4.48,https://scryfall.com/card/dsk/294/unstoppable-slasher,https://www.tcgplayer.com/product/576893,
1,Mutavault,4.19,https://scryfall.com/card/plst/CLB-903/mutavault,https://www.tcgplayer.com/product/631655,
1,Lightning Greaves,3.68,https://scryfall.com/card/fic/349/lightning-greaves,https://www.tcgplayer.com/product/631235,
1,Arcane Adaptation,3.66,https://scryfall.com/card/plst/XLN-46/arcane-adaptation,https://www.tcgplayer.com/product/631629,
1,Dark Confidant,3.39,https://scryfall.com/card/fin/94/dark-confidant,https://www.tcgplayer.com/product/630935,
1,"Ramses, Assassin Lord",2.65,https://scryfall.com/card/dmc/39/ramses-assassin-lord,https://www.tcgplayer.com/product/282769,
1,Basim Ibn Ishaq,2.44,https://scryfall.com/card/acr/49/basim-ibn-ishaq,https://www.tcgplayer.com/product/555942,
1,Maskwood Nexus,1.83,https://scryfall.com/card/drc/132/maskwood-nexus,https://www.tcgplayer.com/product/615110,
1,Pyre of Heroes,1.79,https://scryfall.com/card/khm/241/pyre-of-heroes,https://www.tcgplayer.com/product/229212,
1,Darkslick Shores,1.68,https://scryfall.com/card/one/250/darkslick-shores,https://www.tcgplayer.com/product/478311,
1,Tainted Isle,1.63,https://scryfall.com/card/mic/183/tainted-isle,https://www.tcgplayer.com/product/248796,
1,Quietus Spike,1.45,https://scryfall.com/card/pc2/112/quietus-spike,https://www.tcgplayer.com/product/59630,
1,Changeling Outcast,1.20,https://scryfall.com/card/mh1/82/changeling-outcast,https://www.tcgplayer.com/product/190942,
1,Teferi's Veil,1.06,https://scryfall.com/card/wth/53/teferis-veil,https://www.tcgplayer.com/product/6110,
1,Sol Ring,1.00,https://scryfall.com/card/fdc/286/sol-ring,https://www.tcgplayer.com/product/719218,
1,"Satoru, the Infiltrator",0.77,https://scryfall.com/card/potj/230p/satoru-the-infiltrator,https://www.tcgplayer.com/product/546034,
1,Preordain,0.65,https://scryfall.com/card/c15/101/preordain,https://www.tcgplayer.com/product/108015,
1,Brainstorm,0.57,https://scryfall.com/card/frc/39/brainstorm,https://www.tcgplayer.com/product/717702,
1,Leyline of Transformation,0.51,https://scryfall.com/card/pdsk/63p/leyline-of-transformation,https://www.tcgplayer.com/product/583662,
1,Reverse the Polarity,0.49,https://scryfall.com/card/who/54/reverse-the-polarity,https://www.tcgplayer.com/product/518883,
1,Underground River,0.49,https://scryfall.com/card/frc/87/underground-river,https://www.tcgplayer.com/product/717757,
1,Mothdust Changeling,0.45,https://scryfall.com/card/plst/MOR-42/mothdust-changeling,https://www.tcgplayer.com/product/581626,
1,Dark Ritual,0.44,https://scryfall.com/card/sum/99/dark-ritual,https://www.tcgplayer.com/product/211791,
1,Talisman of Dominance,0.40,https://scryfall.com/card/frc/62/talisman-of-dominance,https://www.tcgplayer.com/product/717784,
1,Arcane Signet,0.37,https://scryfall.com/card/fdc/245/arcane-signet,https://www.tcgplayer.com/product/719175,
1,Drowned Catacomb,0.37,https://scryfall.com/card/frc/69/drowned-catacomb,https://www.tcgplayer.com/product/717739,
1,Slither Blade,0.35,https://scryfall.com/card/akh/71/slither-blade,https://www.tcgplayer.com/product/130277,
1,Desmond Miles,0.35,https://scryfall.com/card/acr/24/desmond-miles,https://www.tcgplayer.com/product/555821,
1,"Etrata, Deadly Fugitive",0.34,https://scryfall.com/card/mkm/200/etrata-deadly-fugitive,https://www.tcgplayer.com/product/532917,
1,They Came from the Pipes,0.33,https://scryfall.com/card/dsc/14/they-came-from-the-pipes,https://www.tcgplayer.com/product/577804,
1,Brotherhood Headquarters,0.33,https://scryfall.com/card/acr/80/brotherhood-headquarters,https://www.tcgplayer.com/product/555908,
1,River of Tears,0.32,https://scryfall.com/card/mkc/283/river-of-tears,https://www.tcgplayer.com/product/535797,
1,Sunken Hollow,0.31,https://scryfall.com/card/bfz/249/sunken-hollow,https://www.tcgplayer.com/product/104305,
1,Darkwater Catacombs,0.30,https://scryfall.com/card/plst/OTC-282/darkwater-catacombs,https://www.tcgplayer.com/product/631647,
1,Choked Estuary,0.29,https://scryfall.com/card/fic/379/choked-estuary,https://www.tcgplayer.com/product/631309,
1,Secluded Courtyard,0.29,https://scryfall.com/card/ecc/62/secluded-courtyard,https://www.tcgplayer.com/product/671189,
1,Rogue's Passage,0.27,https://scryfall.com/card/fdc/310/rogues-passage,https://www.tcgplayer.com/product/719262,
1,"Roshan, Hidden Magister",0.26,https://scryfall.com/card/acr/133/roshan-hidden-magister,https://www.tcgplayer.com/product/556354,
1,Hullcarver,0.21,https://scryfall.com/card/eoe/105/hullcarver,https://www.tcgplayer.com/product/642109,
1,Path of Ancestry,0.21,https://scryfall.com/card/scd/312/path-of-ancestry,https://www.tcgplayer.com/product/456942,
1,Command Tower,0.20,https://scryfall.com/card/tdc/107/command-tower,https://www.tcgplayer.com/product/623982,
1,Hired Poisoner,0.18,https://scryfall.com/card/grn/72/hired-poisoner,https://www.tcgplayer.com/product/176928,
1,Brotherhood Spy,0.18,https://scryfall.com/card/acr/282/brotherhood-spy,https://www.tcgplayer.com/product/556386,
1,Reno and Rude,0.18,https://scryfall.com/card/fin/113/reno-and-rude,https://www.tcgplayer.com/product/632634,
1,"Tetsuko Umezawa, Fugitive",0.15,https://scryfall.com/card/cmm/126/tetsuko-umezawa-fugitive,https://www.tcgplayer.com/product/507460,
1,Island,0.07,https://scryfall.com/card/soi/287/island,https://www.tcgplayer.com/product/115929,
1,Island,0.07,https://scryfall.com/card/soi/287/island,https://www.tcgplayer.com/product/115929,
1,Island,0.07,https://scryfall.com/card/soi/287/island,https://www.tcgplayer.com/product/115929,
1,Island,0.07,https://scryfall.com/card/soi/287/island,https://www.tcgplayer.com/product/115929,
1,Island,0.07,https://scryfall.com/card/soi/287/island,https://www.tcgplayer.com/product/115929,
1,Island,0.07,https://scryfall.com/card/soi/287/island,https://www.tcgplayer.com/product/115929,
1,Island,0.07,https://scryfall.com/card/soi/287/island,https://www.tcgplayer.com/product/115929,
1,Island,0.07,https://scryfall.com/card/soi/287/island,https://www.tcgplayer.com/product/115929,
1,Swamp,0.05,https://scryfall.com/card/hop/151/swamp,https://www.tcgplayer.com/product/80266,
1,Swamp,0.05,https://scryfall.com/card/hop/151/swamp,https://www.tcgplayer.com/product/80266,
1,Swamp,0.05,https://scryfall.com/card/hop/151/swamp,https://www.tcgplayer.com/product/80266,
1,Swamp,0.05,https://scryfall.com/card/hop/151/swamp,https://www.tcgplayer.com/product/80266,
1,Swamp,0.05,https://scryfall.com/card/hop/151/swamp,https://www.tcgplayer.com/product/80266,
1,Swamp,0.05,https://scryfall.com/card/hop/151/swamp,https://www.tcgplayer.com/product/80266,
1,Swamp,0.05,https://scryfall.com/card/hop/151/swamp,https://www.tcgplayer.com/product/80266,
1,Swamp,0.05,https://scryfall.com/card/hop/151/swamp,https://www.tcgplayer.com/product/80266,
,TOTAL,1237.65,,,
