card,sld_number,miku_name,released,eur_nonfoil,eur_foil,usd_nonfoil,usd_foil,scryfall_url,cardmarket_url,price_date
Archangel of Thune,2430,Archangel of Tunes,2026-08-10,not verified,34.09,not verified,41.16,https://scryfall.com/card/sld/2430/archangel-of-thune,https://www.cardmarket.com/en/Magic/Products?idProduct=901922&referrer=scryfall&utm_campaign=card_prices&utm_medium=text&utm_source=scryfall,2026-10-07
"Azusa, Lost but Seeking",1597,"Miku, Lost but Singing",2024-05-13,19.26,not verified,45.3,not verified,https://scryfall.com/card/sld/1597/azusa-lost-but-seeking,https://www.cardmarket.com/en/Magic/Products?idProduct=770425&referrer=scryfall&utm_campaign=card_prices&utm_medium=text&utm_source=scryfall,2026-10-07
Bountiful Promenade,2440,,2026-08-10,not verified,8.19,not verified,10.38,https://scryfall.com/card/sld/2440/bountiful-promenade,https://www.cardmarket.com/en/Magic/Products?idProduct=901933&referrer=scryfall&utm_campaign=card_prices&utm_medium=text&utm_source=scryfall,2026-10-07
"Brago, King Eternal",1601,"Miku, Queen Electric",2025-02-10,11.47,10.57,15.51,not verified,https://scryfall.com/card/sld/1601/brago-king-eternal,https://www.cardmarket.com/en/Magic/Products?idProduct=810734&referrer=scryfall&utm_campaign=card_prices&utm_medium=text&utm_source=scryfall,2026-10-07
Break Down,2436,,2026-08-10,not verified,2.24,not verified,3,https://scryfall.com/card/sld/2436/break-down,https://www.cardmarket.com/en/Magic/Products?idProduct=901928&referrer=scryfall&utm_campaign=card_prices&utm_medium=text&utm_source=scryfall,2026-10-07
Child of Alara,1599,"Miku, Child of Song",2024-06-24,18.13,19.34,34.18,not verified,https://scryfall.com/card/sld/1599/child-of-alara,https://www.cardmarket.com/en/Magic/Products?idProduct=776211&referrer=scryfall&utm_campaign=card_prices&utm_medium=text&utm_source=scryfall,2026-10-07
Chord of Calling,1595,,2024-06-24,24.18,25,31.97,not verified,https://scryfall.com/card/sld/1595/chord-of-calling,https://www.cardmarket.com/en/Magic/Products?idProduct=776210&referrer=scryfall&utm_campaign=card_prices&utm_medium=text&utm_source=scryfall,2026-10-07
Command Tower,806,,2024-06-24,54.34,55.21,50.15,not verified,https://scryfall.com/card/sld/806/command-tower,https://www.cardmarket.com/en/Magic/Products?idProduct=782518&referrer=scryfall&utm_campaign=card_prices&utm_medium=text&utm_source=scryfall,2026-10-07
Counterspell,1589,,2025-02-10,8.88,9.06,16.98,not verified,https://scryfall.com/card/sld/1589/counterspell,https://www.cardmarket.com/en/Magic/Products?idProduct=810732&referrer=scryfall&utm_campaign=card_prices&utm_medium=text&utm_source=scryfall,2026-10-07
Cultivate,2437,,2026-08-10,not verified,7.13,not verified,9.18,https://scryfall.com/card/sld/2437/cultivate,https://www.cardmarket.com/en/Magic/Products?idProduct=901929&referrer=scryfall&utm_campaign=card_prices&utm_medium=text&utm_source=scryfall,2026-10-07
Diabolic Tutor,1592,,2024-06-24,4.47,5.31,6.7,not verified,https://scryfall.com/card/sld/1592/diabolic-tutor,https://www.cardmarket.com/en/Magic/Products?idProduct=776209&referrer=scryfall&utm_campaign=card_prices&utm_medium=text&utm_source=scryfall,2026-10-07
Elspeth Tirel,1585,"Miku, Divine Diva",2024-09-30,89.5,94.15,102.81,not verified,https://scryfall.com/card/sld/1585/elspeth-tirel,https://www.cardmarket.com/en/Magic/Products?idProduct=791207&referrer=scryfall&utm_campaign=card_prices&utm_medium=text&utm_source=scryfall,2026-10-07
Elvish Mystic,805,,2024-05-13,63.07,76.73,70.71,not verified,https://scryfall.com/card/sld/805/elvish-mystic,https://www.cardmarket.com/en/Magic/Products?idProduct=773992&referrer=scryfall&utm_campaign=card_prices&utm_medium=text&utm_source=scryfall,2026-10-07
Finale of Devastation,2438,,2026-08-10,not verified,33.6,not verified,50.52,https://scryfall.com/card/sld/2438/finale-of-devastation,https://www.cardmarket.com/en/Magic/Products?idProduct=901930&referrer=scryfall&utm_campaign=card_prices&utm_medium=text&utm_source=scryfall,2026-10-07
"Giada, Font of Hope",1586,"Miku, Font of Pop",2025-02-10,19.36,29.8,34.01,not verified,https://scryfall.com/card/sld/1586/giada-font-of-hope,https://www.cardmarket.com/en/Magic/Products?idProduct=810730&referrer=scryfall&utm_campaign=card_prices&utm_medium=text&utm_source=scryfall,2026-10-07
Grand Crescendo,2432,,2026-08-10,not verified,7.78,not verified,9.52,https://scryfall.com/card/sld/2432/grand-crescendo,https://www.cardmarket.com/en/Magic/Products?idProduct=901924&referrer=scryfall&utm_campaign=card_prices&utm_medium=text&utm_source=scryfall,2026-10-07
Halo Fountain,2431,Cascade of Song,2026-08-10,not verified,6.36,not verified,7.68,https://scryfall.com/card/sld/2431/halo-fountain,https://www.cardmarket.com/en/Magic/Products?idProduct=901923&referrer=scryfall&utm_campaign=card_prices&utm_medium=text&utm_source=scryfall,2026-10-07
Harmonize,1596,,2024-05-13,25.71,not verified,60.12,not verified,https://scryfall.com/card/sld/1596/harmonize,https://www.cardmarket.com/en/Magic/Products?idProduct=770424&referrer=scryfall&utm_campaign=card_prices&utm_medium=text&utm_source=scryfall,2026-10-07
"Shalai, Voice of Plenty",2433,"Miku, Voice Over All",2026-08-10,not verified,12.67,not verified,10.17,https://scryfall.com/card/sld/2433/shalai-voice-of-plenty,https://www.cardmarket.com/en/Magic/Products?idProduct=901925&referrer=scryfall&utm_campaign=card_prices&utm_medium=text&utm_source=scryfall,2026-10-07
Snapcaster Mage,808,Encore Electromancer,2024-05-13,840.39,1749.76,1742.95,not verified,https://scryfall.com/card/sld/808/snapcaster-mage,https://www.cardmarket.com/en/Magic/Products?idProduct=781285&referrer=scryfall&utm_campaign=card_prices&utm_medium=text&utm_source=scryfall,2026-10-07
Sol Ring,1604,,2024-06-24,60.28,56.65,88.64,not verified,https://scryfall.com/card/sld/1604/sol-ring,https://www.cardmarket.com/en/Magic/Products?idProduct=776213&referrer=scryfall&utm_campaign=card_prices&utm_medium=text&utm_source=scryfall,2026-10-07
Song of the Worldsoul,2434,,2026-08-10,not verified,4.77,not verified,4.89,https://scryfall.com/card/sld/2434/song-of-the-worldsoul,https://www.cardmarket.com/en/Magic/Products?idProduct=901926&referrer=scryfall&utm_campaign=card_prices&utm_medium=text&utm_source=scryfall,2026-10-07
Soul Warden,2435,,2026-08-10,not verified,12.12,not verified,19.26,https://scryfall.com/card/sld/2435/soul-warden,https://www.cardmarket.com/en/Magic/Products?idProduct=901927&referrer=scryfall&utm_campaign=card_prices&utm_medium=text&utm_source=scryfall,2026-10-07
Swan Song,1591,,2025-02-10,34.83,48.29,54.62,not verified,https://scryfall.com/card/sld/1591/swan-song,https://www.cardmarket.com/en/Magic/Products?idProduct=810733&referrer=scryfall&utm_campaign=card_prices&utm_medium=text&utm_source=scryfall,2026-10-07
Thespian's Stage,1607,,2024-06-24,5.61,8.57,8.46,not verified,https://scryfall.com/card/sld/1607/thespians-stage,https://www.cardmarket.com/en/Magic/Products?idProduct=776214&referrer=scryfall&utm_campaign=card_prices&utm_medium=text&utm_source=scryfall,2026-10-07
"Trostani, Selesnya's Voice",2429,"Miku, Song of the People",2026-08-10,not verified,7.82,not verified,12.09,https://scryfall.com/card/sld/2429/trostani-selesnyas-voice,https://www.cardmarket.com/en/Magic/Products?idProduct=901921&referrer=scryfall&utm_campaign=card_prices&utm_medium=text&utm_source=scryfall,2026-10-07
"Trostani, Selesnya's Voice",2443,"Miku, Song of the People",2026-08-10,not verified,not verified,not verified,4.35,https://scryfall.com/card/sld/2443/trostani-selesnyas-voice,https://www.cardmarket.com/en/Magic/Products/Search?referrer=scryfall&searchString=Trostani%2C+Selesnya%27s+Voice&utm_campaign=card_prices&utm_medium=text&utm_source=scryfall,2026-10-07
"Vorinclex, Voice of Hunger",2439,"Miku, the Complete Performer",2026-08-10,not verified,23.91,not verified,39.1,https://scryfall.com/card/sld/2439/vorinclex-voice-of-hunger,https://www.cardmarket.com/en/Magic/Products?idProduct=901932&referrer=scryfall&utm_campaign=card_prices&utm_medium=text&utm_source=scryfall,2026-10-07
