qty,card,price_eur,price_eur_url,price_usd,price_usd_url,game_changer
1,"Brago, King Eternal",2.11,https://www.cardmarket.com/en/Magic/Products?idProduct=535408&referrer=scryfall&utm_campaign=card_prices&utm_medium=text&utm_source=scryfall,2.87,https://www.tcgplayer.com/product/118604,no
1,Peregrine Drake,0.18,https://www.cardmarket.com/en/Magic/Products?idProduct=688688&referrer=scryfall&utm_campaign=card_prices&utm_medium=text&utm_source=scryfall,0.26,https://www.tcgplayer.com/product/581994,no
1,Deadeye Navigator,1.45,https://www.cardmarket.com/en/Magic/Products?idProduct=254735&referrer=scryfall&utm_campaign=card_prices&utm_medium=text&utm_source=scryfall,2.86,https://www.tcgplayer.com/product/58873,no
1,Isochron Scepter,5.70,https://www.cardmarket.com/en/Magic/Products?idProduct=859705&referrer=scryfall&utm_campaign=card_prices&utm_medium=text&utm_source=scryfall,8.70,https://www.tcgplayer.com/product/563237,no
1,Dramatic Reversal,0.52,https://www.cardmarket.com/en/Magic/Products?idProduct=292805&referrer=scryfall&utm_campaign=card_prices&utm_medium=text&utm_source=scryfall,0.38,https://www.tcgplayer.com/product/662463,no
1,"Heliod, Sun-Crowned",14.87,https://www.cardmarket.com/en/Magic/Products?idProduct=434974&referrer=scryfall&utm_campaign=card_prices&utm_medium=text&utm_source=scryfall,19.20,https://www.tcgplayer.com/product/600015,no
1,Walking Ballista,6.75,https://www.cardmarket.com/en/Magic/Products?idProduct=824813&referrer=scryfall&utm_campaign=card_prices&utm_medium=text&utm_source=scryfall,5.45,https://www.tcgplayer.com/product/631496,no
1,Archaeomancer,0.39,https://www.cardmarket.com/en/Magic/Products?idProduct=256386&referrer=scryfall&utm_campaign=card_prices&utm_medium=text&utm_source=scryfall,0.30,https://www.tcgplayer.com/product/59694,no
1,Ghostly Flicker,1.80,https://www.cardmarket.com/en/Magic/Products?idProduct=723634&referrer=scryfall&utm_campaign=card_prices&utm_medium=text&utm_source=scryfall,1.15,https://www.tcgplayer.com/product/581318,no
1,Strionic Resonator,6.42,https://www.cardmarket.com/en/Magic/Products?idProduct=319223&referrer=scryfall&utm_campaign=card_prices&utm_medium=text&utm_source=scryfall,6.48,https://www.tcgplayer.com/product/196447,no
1,Sol Ring,0.85,https://www.cardmarket.com/en/Magic/Products?idProduct=293767&referrer=scryfall&utm_campaign=card_prices&utm_medium=text&utm_source=scryfall,0.96,https://www.tcgplayer.com/product/719218,no
1,Mana Vault,54.57,https://www.cardmarket.com/en/Magic/Products?idProduct=6187&referrer=scryfall&utm_campaign=card_prices&utm_medium=text&utm_source=scryfall,91.66,https://www.tcgplayer.com/product/1839,yes
1,Grim Monolith,306.11,https://www.cardmarket.com/en/Magic/Products?idProduct=10683&referrer=scryfall&utm_campaign=card_prices&utm_medium=text&utm_source=scryfall,478.02,https://www.tcgplayer.com/product/6323,yes
1,Basalt Monolith,2.78,https://www.cardmarket.com/en/Magic/Products?idProduct=358819&referrer=scryfall&utm_campaign=card_prices&utm_medium=text&utm_source=scryfall,3.31,https://www.tcgplayer.com/product/563131,no
1,Chrome Mox,86.09,https://www.cardmarket.com/en/Magic/Products?idProduct=152&referrer=scryfall&utm_campaign=card_prices&utm_medium=text&utm_source=scryfall,153.60,https://www.tcgplayer.com/product/118410,yes
1,Coldsteel Heart,0.68,https://www.cardmarket.com/en/Magic/Products?idProduct=13623&referrer=scryfall&utm_campaign=card_prices&utm_medium=text&utm_source=scryfall,1.12,https://www.tcgplayer.com/product/166760,no
1,Arcane Signet,0.26,https://www.cardmarket.com/en/Magic/Products?idProduct=909813&referrer=scryfall&utm_campaign=card_prices&utm_medium=text&utm_source=scryfall,0.39,https://www.tcgplayer.com/product/719175,no
1,Talisman of Progress,0.25,https://www.cardmarket.com/en/Magic/Products?idProduct=909857&referrer=scryfall&utm_campaign=card_prices&utm_medium=text&utm_source=scryfall,0.35,https://www.tcgplayer.com/product/540969,no
1,Azorius Signet,0.20,https://www.cardmarket.com/en/Magic/Products?idProduct=909846&referrer=scryfall&utm_campaign=card_prices&utm_medium=text&utm_source=scryfall,0.27,https://www.tcgplayer.com/product/717786,no
1,Fellwar Stone,0.73,https://www.cardmarket.com/en/Magic/Products?idProduct=358835&referrer=scryfall&utm_campaign=card_prices&utm_medium=text&utm_source=scryfall,0.52,https://www.tcgplayer.com/product/717781,no
1,Thought Vessel,1.18,https://www.cardmarket.com/en/Magic/Products?idProduct=358867&referrer=scryfall&utm_campaign=card_prices&utm_medium=text&utm_source=scryfall,2.01,https://www.tcgplayer.com/product/719224,no
1,Mind Stone,0.17,https://www.cardmarket.com/en/Magic/Products?idProduct=423761&referrer=scryfall&utm_campaign=card_prices&utm_medium=text&utm_source=scryfall,0.21,https://www.tcgplayer.com/product/466914,no
1,Force of Will,52.00,https://www.cardmarket.com/en/Magic/Products?idProduct=688406&referrer=scryfall&utm_campaign=card_prices&utm_medium=text&utm_source=scryfall,57.78,https://www.tcgplayer.com/product/449626,yes
1,Force of Negation,49.20,https://www.cardmarket.com/en/Magic/Products?idProduct=664857&referrer=scryfall&utm_campaign=card_prices&utm_medium=text&utm_source=scryfall,45.37,https://www.tcgplayer.com/product/660518,no
1,Fierce Guardianship,48.34,https://www.cardmarket.com/en/Magic/Products?idProduct=722524&referrer=scryfall&utm_campaign=card_prices&utm_medium=text&utm_source=scryfall,57.13,https://www.tcgplayer.com/product/212218,yes
1,Mana Drain,43.13,https://www.cardmarket.com/en/Magic/Products?idProduct=763687&referrer=scryfall&utm_campaign=card_prices&utm_medium=text&utm_source=scryfall,50.93,https://www.tcgplayer.com/product/544246,no
1,Swan Song,10.04,https://www.cardmarket.com/en/Magic/Products?idProduct=717136&referrer=scryfall&utm_campaign=card_prices&utm_medium=text&utm_source=scryfall,10.26,https://www.tcgplayer.com/product/642791,no
1,Counterspell,1.29,https://www.cardmarket.com/en/Magic/Products?idProduct=10904&referrer=scryfall&utm_campaign=card_prices&utm_medium=text&utm_source=scryfall,1.86,https://www.tcgplayer.com/product/718988,no
1,An Offer You Can't Refuse,2.89,https://www.cardmarket.com/en/Magic/Products?idProduct=651366&referrer=scryfall&utm_campaign=card_prices&utm_medium=text&utm_source=scryfall,3.12,https://www.tcgplayer.com/product/631265,no
1,Dovin's Veto,1.44,https://www.cardmarket.com/en/Magic/Products?idProduct=825871&referrer=scryfall&utm_campaign=card_prices&utm_medium=text&utm_source=scryfall,2.75,https://www.tcgplayer.com/product/632061,no
1,Flusterstorm,3.76,https://www.cardmarket.com/en/Magic/Products?idProduct=374454&referrer=scryfall&utm_campaign=card_prices&utm_medium=text&utm_source=scryfall,5.27,https://www.tcgplayer.com/product/563190,no
1,Swords to Plowshares,1.08,https://www.cardmarket.com/en/Magic/Products?idProduct=608601&referrer=scryfall&utm_campaign=card_prices&utm_medium=text&utm_source=scryfall,0.81,https://www.tcgplayer.com/product/717768,no
1,Path to Exile,0.68,https://www.cardmarket.com/en/Magic/Products?idProduct=267025&referrer=scryfall&utm_campaign=card_prices&utm_medium=text&utm_source=scryfall,0.62,https://www.tcgplayer.com/product/717721,no
1,Generous Gift,0.70,https://www.cardmarket.com/en/Magic/Products?idProduct=723658&referrer=scryfall&utm_campaign=card_prices&utm_medium=text&utm_source=scryfall,0.93,https://www.tcgplayer.com/product/698177,no
1,Cyclonic Rift,22.96,https://www.cardmarket.com/en/Magic/Products?idProduct=295924&referrer=scryfall&utm_campaign=card_prices&utm_medium=text&utm_source=scryfall,30.25,https://www.tcgplayer.com/product/218370,yes
1,Reality Acid,0.13,https://www.cardmarket.com/en/Magic/Products?idProduct=14224&referrer=scryfall&utm_campaign=card_prices&utm_medium=text&utm_source=scryfall,0.26,https://www.tcgplayer.com/product/14787,no
1,Skyclave Apparition,0.30,https://www.cardmarket.com/en/Magic/Products?idProduct=772261&referrer=scryfall&utm_campaign=card_prices&utm_medium=text&utm_source=scryfall,0.26,https://www.tcgplayer.com/product/560179,no
1,Reflector Mage,0.47,https://www.cardmarket.com/en/Magic/Products?idProduct=287210&referrer=scryfall&utm_campaign=card_prices&utm_medium=text&utm_source=scryfall,0.37,https://www.tcgplayer.com/product/110807,no
1,Supreme Verdict,2.15,https://www.cardmarket.com/en/Magic/Products?idProduct=301521&referrer=scryfall&utm_campaign=card_prices&utm_medium=text&utm_source=scryfall,2.27,https://www.tcgplayer.com/product/204583,no
1,Enlightened Tutor,25.26,https://www.cardmarket.com/en/Magic/Products?idProduct=10862&referrer=scryfall&utm_campaign=card_prices&utm_medium=text&utm_source=scryfall,32.42,https://www.tcgplayer.com/product/457251,yes
1,Mystical Tutor,10.48,https://www.cardmarket.com/en/Magic/Products?idProduct=10926&referrer=scryfall&utm_campaign=card_prices&utm_medium=text&utm_source=scryfall,16.60,https://www.tcgplayer.com/product/457259,yes
1,Recruiter of the Guard,6.58,https://www.cardmarket.com/en/Magic/Products?idProduct=772168&referrer=scryfall&utm_campaign=card_prices&utm_medium=text&utm_source=scryfall,6.41,https://www.tcgplayer.com/product/121450,no
1,Trinket Mage,0.14,https://www.cardmarket.com/en/Magic/Products?idProduct=242424&referrer=scryfall&utm_campaign=card_prices&utm_medium=text&utm_source=scryfall,0.30,https://www.tcgplayer.com/product/36311,no
1,Tribute Mage,1.06,https://www.cardmarket.com/en/Magic/Products?idProduct=375291&referrer=scryfall&utm_campaign=card_prices&utm_medium=text&utm_source=scryfall,0.87,https://www.tcgplayer.com/product/191210,no
1,Muddle the Mixture,1.14,https://www.cardmarket.com/en/Magic/Products?idProduct=13471&referrer=scryfall&utm_campaign=card_prices&utm_medium=text&utm_source=scryfall,2.27,https://www.tcgplayer.com/product/275349,no
1,Spellseeker,15.62,https://www.cardmarket.com/en/Magic/Products?idProduct=721730&referrer=scryfall&utm_campaign=card_prices&utm_medium=text&utm_source=scryfall,17.16,https://www.tcgplayer.com/product/503390,no
1,Aether Channeler,0.40,https://www.cardmarket.com/en/Magic/Products?idProduct=779360&referrer=scryfall&utm_campaign=card_prices&utm_medium=text&utm_source=scryfall,0.31,https://www.tcgplayer.com/product/283511,no
1,Ephemerate,5.40,https://www.cardmarket.com/en/Magic/Products?idProduct=375405&referrer=scryfall&utm_campaign=card_prices&utm_medium=text&utm_source=scryfall,3.55,https://www.tcgplayer.com/product/714057,no
1,Cloudshift,1.30,https://www.cardmarket.com/en/Magic/Products?idProduct=254216&referrer=scryfall&utm_campaign=card_prices&utm_medium=text&utm_source=scryfall,1.34,https://www.tcgplayer.com/product/662377,no
1,Wall of Omens,0.18,https://www.cardmarket.com/en/Magic/Products?idProduct=753333&referrer=scryfall&utm_campaign=card_prices&utm_medium=text&utm_source=scryfall,0.25,https://www.tcgplayer.com/product/276665,no
1,Omen of the Sea,0.11,https://www.cardmarket.com/en/Magic/Products?idProduct=430489&referrer=scryfall&utm_campaign=card_prices&utm_medium=text&utm_source=scryfall,0.11,https://www.tcgplayer.com/product/581981,no
1,Mulldrifter,0.29,https://www.cardmarket.com/en/Magic/Products?idProduct=282835&referrer=scryfall&utm_campaign=card_prices&utm_medium=text&utm_source=scryfall,0.29,https://www.tcgplayer.com/product/98652,no
1,Cloud of Faeries,0.15,https://www.cardmarket.com/en/Magic/Products?idProduct=705646&referrer=scryfall&utm_campaign=card_prices&utm_medium=text&utm_source=scryfall,0.30,https://www.tcgplayer.com/product/457458,no
1,"Venser, Shaper Savant",0.51,https://www.cardmarket.com/en/Magic/Products?idProduct=795487&referrer=scryfall&utm_campaign=card_prices&utm_medium=text&utm_source=scryfall,0.37,https://www.tcgplayer.com/product/590185,no
1,Soulherder,1.68,https://www.cardmarket.com/en/Magic/Products?idProduct=375528&referrer=scryfall&utm_campaign=card_prices&utm_medium=text&utm_source=scryfall,1.90,https://www.tcgplayer.com/product/231278,no
1,"Elesh Norn, Mother of Machines",20.11,https://www.cardmarket.com/en/Magic/Products?idProduct=695486&referrer=scryfall&utm_campaign=card_prices&utm_medium=text&utm_source=scryfall,22.54,https://www.tcgplayer.com/product/475520,no
1,Solemn Simulacrum,0.17,https://www.cardmarket.com/en/Magic/Products?idProduct=293768&referrer=scryfall&utm_campaign=card_prices&utm_medium=text&utm_source=scryfall,0.28,https://www.tcgplayer.com/product/456977,no
1,Sea Gate Oracle,0.14,https://www.cardmarket.com/en/Magic/Products?idProduct=417746&referrer=scryfall&utm_campaign=card_prices&utm_medium=text&utm_source=scryfall,0.13,https://www.tcgplayer.com/product/140030,no
1,Cryogen Relic,0.49,https://www.cardmarket.com/en/Magic/Products?idProduct=835354&referrer=scryfall&utm_campaign=card_prices&utm_medium=text&utm_source=scryfall,0.34,https://www.tcgplayer.com/product/643478,no
1,Loran of the Third Path,3.70,https://www.cardmarket.com/en/Magic/Products?idProduct=685042&referrer=scryfall&utm_campaign=card_prices&utm_medium=text&utm_source=scryfall,5.02,https://www.tcgplayer.com/product/453930,no
1,Mystic Remora,8.94,https://www.cardmarket.com/en/Magic/Products?idProduct=6299&referrer=scryfall&utm_campaign=card_prices&utm_medium=text&utm_source=scryfall,10.58,https://www.tcgplayer.com/product/459038,no
1,Rhystic Study,36.68,https://www.cardmarket.com/en/Magic/Products?idProduct=3939&referrer=scryfall&utm_campaign=card_prices&utm_medium=text&utm_source=scryfall,59.95,https://www.tcgplayer.com/product/7357,yes
1,Esper Sentinel,39.36,https://www.cardmarket.com/en/Magic/Products?idProduct=566525&referrer=scryfall&utm_campaign=card_prices&utm_medium=text&utm_source=scryfall,58.08,https://www.tcgplayer.com/product/240035,no
1,Smothering Tithe,34.19,https://www.cardmarket.com/en/Magic/Products?idProduct=404669&referrer=scryfall&utm_campaign=card_prices&utm_medium=text&utm_source=scryfall,55.60,https://www.tcgplayer.com/product/183033,yes
1,The One Ring,95.92,https://www.cardmarket.com/en/Magic/Products?idProduct=701676&referrer=scryfall&utm_campaign=card_prices&utm_medium=text&utm_source=scryfall,111.66,https://www.tcgplayer.com/product/488270,yes
1,Lightning Greaves,3.39,https://www.cardmarket.com/en/Magic/Products?idProduct=485379&referrer=scryfall&utm_campaign=card_prices&utm_medium=text&utm_source=scryfall,3.82,https://www.tcgplayer.com/product/631235,no
1,Teferi's Protection,28.28,https://www.cardmarket.com/en/Magic/Products?idProduct=890841&referrer=scryfall&utm_campaign=card_prices&utm_medium=text&utm_source=scryfall,34.59,https://www.tcgplayer.com/product/696412,yes
1,Flawless Maneuver,7.94,https://www.cardmarket.com/en/Magic/Products?idProduct=909818&referrer=scryfall&utm_campaign=card_prices&utm_medium=text&utm_source=scryfall,9.66,https://www.tcgplayer.com/product/717759,no
1,Grand Abolisher,10.01,https://www.cardmarket.com/en/Magic/Products?idProduct=270526&referrer=scryfall&utm_campaign=card_prices&utm_medium=text&utm_source=scryfall,18.06,https://www.tcgplayer.com/product/677582,no
1,Command Tower,0.17,https://www.cardmarket.com/en/Magic/Products?idProduct=743677&referrer=scryfall&utm_campaign=card_prices&utm_medium=text&utm_source=scryfall,0.26,https://www.tcgplayer.com/product/717733,no
1,Island,0.02,https://www.cardmarket.com/en/Magic/Products?idProduct=258241&referrer=scryfall&utm_campaign=card_prices&utm_medium=text&utm_source=scryfall,0.07,https://www.tcgplayer.com/product/115929,no
1,Hallowed Fountain,7.30,https://www.cardmarket.com/en/Magic/Products?idProduct=866286&referrer=scryfall&utm_campaign=card_prices&utm_medium=text&utm_source=scryfall,7.18,https://www.tcgplayer.com/product/66415,no
1,Sea of Clouds,20.37,https://www.cardmarket.com/en/Magic/Products?idProduct=650840&referrer=scryfall&utm_campaign=card_prices&utm_medium=text&utm_source=scryfall,19.16,https://www.tcgplayer.com/product/166663,no
1,Adarkar Wastes,0.50,https://www.cardmarket.com/en/Magic/Products?idProduct=834295&referrer=scryfall&utm_campaign=card_prices&utm_medium=text&utm_source=scryfall,0.35,https://www.tcgplayer.com/product/642846,no
1,Flooded Strand,14.71,https://www.cardmarket.com/en/Magic/Products?idProduct=269127&referrer=scryfall&utm_campaign=card_prices&utm_medium=text&utm_source=scryfall,15.28,https://www.tcgplayer.com/product/92828,no
1,Marsh Flats,24.13,https://www.cardmarket.com/en/Magic/Products?idProduct=295818&referrer=scryfall&utm_campaign=card_prices&utm_medium=text&utm_source=scryfall,32.18,https://www.tcgplayer.com/product/128221,no
1,Arid Mesa,26.88,https://www.cardmarket.com/en/Magic/Products?idProduct=564641&referrer=scryfall&utm_campaign=card_prices&utm_medium=text&utm_source=scryfall,30.43,https://www.tcgplayer.com/product/238607,no
1,Scalding Tarn,26.71,https://www.cardmarket.com/en/Magic/Products?idProduct=21786&referrer=scryfall&utm_campaign=card_prices&utm_medium=text&utm_source=scryfall,37.84,https://www.tcgplayer.com/product/238610,no
1,Polluted Delta,17.91,https://www.cardmarket.com/en/Magic/Products?idProduct=269126&referrer=scryfall&utm_campaign=card_prices&utm_medium=text&utm_source=scryfall,20.54,https://www.tcgplayer.com/product/92829,no
1,Misty Rainforest,24.91,https://www.cardmarket.com/en/Magic/Products?idProduct=21726&referrer=scryfall&utm_campaign=card_prices&utm_medium=text&utm_source=scryfall,35.97,https://www.tcgplayer.com/product/238609,no
1,Prismatic Vista,29.85,https://www.cardmarket.com/en/Magic/Products?idProduct=891452&referrer=scryfall&utm_campaign=card_prices&utm_medium=text&utm_source=scryfall,28.14,https://www.tcgplayer.com/product/696856,no
1,Glacial Fortress,0.25,https://www.cardmarket.com/en/Magic/Products?idProduct=909866&referrer=scryfall&utm_campaign=card_prices&utm_medium=text&utm_source=scryfall,0.28,https://www.tcgplayer.com/product/717743,no
1,Port Town,0.18,https://www.cardmarket.com/en/Magic/Products?idProduct=891711&referrer=scryfall&utm_campaign=card_prices&utm_medium=text&utm_source=scryfall,0.20,https://www.tcgplayer.com/product/456704,no
1,"Otawara, Soaring City",22.93,https://www.cardmarket.com/en/Magic/Products?idProduct=607514&referrer=scryfall&utm_campaign=card_prices&utm_medium=text&utm_source=scryfall,26.61,https://www.tcgplayer.com/product/262434,no
1,Ancient Tomb,104.38,https://www.cardmarket.com/en/Magic/Products?idProduct=366213&referrer=scryfall&utm_campaign=card_prices&utm_medium=text&utm_source=scryfall,118.68,https://www.tcgplayer.com/product/179473,yes
1,Urza's Saga,38.70,https://www.cardmarket.com/en/Magic/Products?idProduct=784588&referrer=scryfall&utm_campaign=card_prices&utm_medium=text&utm_source=scryfall,33.98,https://www.tcgplayer.com/product/563225,no
1,Deserted Beach,1.27,https://www.cardmarket.com/en/Magic/Products?idProduct=907321&referrer=scryfall&utm_campaign=card_prices&utm_medium=text&utm_source=scryfall,1.34,https://www.tcgplayer.com/product/715939,no
1,Celestial Colonnade,0.02,https://www.cardmarket.com/en/Magic/Products?idProduct=739609&referrer=scryfall&utm_campaign=card_prices&utm_medium=text&utm_source=scryfall,0.34,https://www.tcgplayer.com/product/520190,no
1,Irrigated Farmland,0.14,https://www.cardmarket.com/en/Magic/Products?idProduct=753469&referrer=scryfall&utm_campaign=card_prices&utm_medium=text&utm_source=scryfall,0.16,https://www.tcgplayer.com/product/535762,no
1,Mystic Sanctuary,1.05,https://www.cardmarket.com/en/Magic/Products?idProduct=401954&referrer=scryfall&utm_campaign=card_prices&utm_medium=text&utm_source=scryfall,1.01,https://www.tcgplayer.com/product/563081,no
1,Island,0.02,https://www.cardmarket.com/en/Magic/Products?idProduct=258241&referrer=scryfall&utm_campaign=card_prices&utm_medium=text&utm_source=scryfall,0.07,https://www.tcgplayer.com/product/115929,no
1,Island,0.02,https://www.cardmarket.com/en/Magic/Products?idProduct=258241&referrer=scryfall&utm_campaign=card_prices&utm_medium=text&utm_source=scryfall,0.07,https://www.tcgplayer.com/product/115929,no
1,Island,0.02,https://www.cardmarket.com/en/Magic/Products?idProduct=258241&referrer=scryfall&utm_campaign=card_prices&utm_medium=text&utm_source=scryfall,0.07,https://www.tcgplayer.com/product/115929,no
1,Island,0.02,https://www.cardmarket.com/en/Magic/Products?idProduct=258241&referrer=scryfall&utm_campaign=card_prices&utm_medium=text&utm_source=scryfall,0.07,https://www.tcgplayer.com/product/115929,no
1,Island,0.02,https://www.cardmarket.com/en/Magic/Products?idProduct=258241&referrer=scryfall&utm_campaign=card_prices&utm_medium=text&utm_source=scryfall,0.07,https://www.tcgplayer.com/product/115929,no
1,Island,0.02,https://www.cardmarket.com/en/Magic/Products?idProduct=258241&referrer=scryfall&utm_campaign=card_prices&utm_medium=text&utm_source=scryfall,0.07,https://www.tcgplayer.com/product/115929,no
1,Plains,0.03,https://www.cardmarket.com/en/Magic/Products?idProduct=263925&referrer=scryfall&utm_campaign=card_prices&utm_medium=text&utm_source=scryfall,0.07,https://www.tcgplayer.com/product/122791,no
1,Plains,0.03,https://www.cardmarket.com/en/Magic/Products?idProduct=263925&referrer=scryfall&utm_campaign=card_prices&utm_medium=text&utm_source=scryfall,0.07,https://www.tcgplayer.com/product/122791,no
1,Plains,0.03,https://www.cardmarket.com/en/Magic/Products?idProduct=263925&referrer=scryfall&utm_campaign=card_prices&utm_medium=text&utm_source=scryfall,0.07,https://www.tcgplayer.com/product/122791,no
1,Plains,0.03,https://www.cardmarket.com/en/Magic/Products?idProduct=263925&referrer=scryfall&utm_campaign=card_prices&utm_medium=text&utm_source=scryfall,0.07,https://www.tcgplayer.com/product/122791,no
,TOTAL,1456.86,Scryfall bulk default-cards 20261007210542,1935.77,,13 Game Changers
