commander,source_url,date,bracket_or_tag,lands,accelerants_0_1mv,accelerants_2mv,dorks,rituals,land_ramp_spells,draw_engines,cantrips,tutors,mana_sinks,x_spells,avg_mv_nonland,curve_1,curve_2,curve_3,curve_4,curve_5,curve_6,curve_7plus
"Brago, King Eternal",https://archidekt.com/decks/11333004,2026-09-26,"4 (Archidekt, author-set)",30,1,5,0,0,3,7,1,1,6,0,2.71,14,19,19,11,5,2,0
"Brago, King Eternal",https://archidekt.com/decks/13491907,2025-07-19,5,27,3,3,0,0,0,4,3,7,5,1,2.42,26,17,14,8,4,2,2
"Brago, King Eternal",https://archidekt.com/decks/19540613,2026-02-01,"5 (Archidekt, author-set)",27,7,7,0,0,0,6,0,10,6,2,2.23,22,24,17,5,4,0,1
"Brago, King Eternal",https://archidekt.com/decks/21347845,2026-04-02,"5 (Archidekt, author-set)",27,7,7,0,0,0,6,0,10,6,1,2.18,23,24,18,4,3,0,1
"Brago, King Eternal",https://archidekt.com/decks/4342324,2026-10-08,"4 (Archidekt, author-set)",33,3,7,0,0,0,8,1,4,8,1,2.94,14,19,11,12,4,4,3
"Brago, King Eternal",https://archidekt.com/decks/8323836,2026-10-07,"4 (Archidekt, author-set)",31,1,3,0,0,1,5,0,3,6,0,2.87,10,22,15,15,4,2,1
"Brago, King Eternal",https://archidekt.com/decks/8427551,2026-10-05,4,33,2,6,0,0,0,4,0,4,5,0,2.64,12,22,18,9,5,1,0
"Brago, King Eternal",https://edhrec.com/average-decks/brago-king-eternal/cedh,2026-10-05,cEDH (EDHREC average),29,6,6,0,0,0,6,0,9,6,0,2.31,20,21,16,11,3,0,0
"Brago, King Eternal",https://edhrec.com/average-decks/brago-king-eternal/optimized,2026-10-07,Optimized (EDHREC average),34,2,5,0,0,1,5,0,4,4,0,2.86,11,18,16,14,4,3,0
"Brago, King Eternal",https://moxfield.com/decks/3X1Q42Yur0eaJpUBFP6YiA,2026-09-30,"5 (Moxfield, author-set; auto 4)",29,6,5,0,0,0,8,1,5,6,0,2,25,24,15,6,1,0,0
"Brago, King Eternal",https://moxfield.com/decks/M--H_Et5-Eu6faglZHBK8A,2026-08-11,b5/auto4,26,4,4,0,0,0,9,1,12,8,3,2.16,25,21,19,7,1,0,1
"Brago, King Eternal",https://moxfield.com/decks/ZbcmXJAAJEOGa74HK_52FQ,2026-08-30,5 (auto 4),27,6,7,0,0,0,10,0,10,6,5,2.25,23,23,14,9,4,0,0
"Brago, King Eternal",https://moxfield.com/decks/cTn_eqq220ukrVWmGkzyFQ,2026-08-25,b4/auto4,36,4,4,0,0,1,2,1,6,7,0,2.5,16,20,14,7,6,1,0
"Brago, King Eternal",https://moxfield.com/decks/d7FdCq_8gkKlAvKsM1PWrg,2026-01-14,b5/auto4,26,7,5,0,0,0,8,0,8,6,2,2.18,21,27,15,9,2,0,0
"Brago, King Eternal",https://moxfield.com/decks/hP0z_zZvxUO0IM02rQYptw,2026-10-04,b4/auto4,35,3,5,1,0,0,2,0,5,9,0,2.75,13,19,17,8,4,3,1
"Brago, King Eternal",https://moxfield.com/decks/n2D5k8ZMCESnAZv8AnzblQ,2026-10-07,5 (auto 4),30,5,3,0,0,1,11,0,4,4,1,2.63,16,19,18,11,3,1,2
Child of Alara,https://archidekt.com/decks/11931659,2026-09-13,"4 (Archidekt, author-set)",37,0,0,0,0,8,2,1,13,3,4,3.71,8,14,10,16,6,2,7
Child of Alara,https://archidekt.com/decks/12766096,2026-08-22,"4 (Archidekt, author-set)",36,1,1,3,0,9,3,2,8,4,3,2.58,13,20,19,9,2,0,1
Child of Alara,https://archidekt.com/decks/13837312,2026-10-03,4,34,1,2,1,0,0,5,0,7,4,0,4.29,4,7,19,15,5,5,11
Child of Alara,https://archidekt.com/decks/15501698,2026-08-18,"4 (Archidekt, author-set)",33,0,0,2,1,1,6,0,0,1,0,4.19,4,7,19,15,12,2,8
Child of Alara,https://archidekt.com/decks/24477776,2026-08-12,"4 (Archidekt, author-set)",34,0,0,1,0,0,4,0,5,0,0,3.23,4,18,21,14,3,4,2
Child of Alara,https://archidekt.com/decks/26039177,2026-10-01,4,29,2,2,2,1,3,5,3,3,7,3,3.62,15,12,12,9,8,7,8
Child of Alara,https://archidekt.com/decks/26970409,2026-10-01,"4 (Archidekt, author-set)",39,6,0,0,0,0,5,0,7,2,1,2.49,19,14,14,6,6,0,2
Child of Alara,https://edhrec.com/average-decks/child-of-alara/cedh,2026-10-03,cEDH (EDHREC average),40,5,2,4,2,7,8,1,8,1,0,2.17,24,16,11,5,2,1,1
Child of Alara,https://edhrec.com/average-decks/child-of-alara/optimized,2026-10-07,Optimized (EDHREC average),39,1,2,3,0,15,5,2,4,1,0,3.03,13,13,12,14,5,2,2
Child of Alara,https://moxfield.com/decks/11Y4nDA6zku7QAhn5LLLPQ,2026-09-05,b5/auto4,34,6,5,1,2,4,8,0,11,3,0,2.33,26,16,9,9,4,0,2
Child of Alara,https://moxfield.com/decks/Ba1nFYEBY0mggeRj6mJjbA,2025-11-21,b4/auto4,33,1,1,1,0,0,5,2,8,3,1,2.97,19,15,7,13,6,3,4
Child of Alara,https://moxfield.com/decks/EU4dnsOjEkeVRB7GHVd-gw,2026-10-03,"5 (Moxfield, author-set; auto 4)",33,6,3,5,0,0,2,0,6,4,1,2.64,21,15,17,6,2,2,4
Child of Alara,https://moxfield.com/decks/IYUM_cHxV0W3S6bUu5QTmA,2025-04-18,b5/auto4,34,4,0,0,2,6,11,1,13,1,0,2.68,18,15,16,10,3,2,2
Child of Alara,https://moxfield.com/decks/JpT6ND95jkyjIe4a7jzSCw,2026-08-20,b4/auto4,42,1,3,5,0,6,3,1,6,4,2,3.47,8,13,15,10,5,2,5
Child of Alara,https://moxfield.com/decks/lGdVhDcJzkCddkma6tToag,2026-04-07,b5/auto4,26,9,0,9,7,1,5,3,12,1,0,1.86,35,18,13,4,4,0,0
Child of Alara,https://moxfield.com/decks/ms_4XG56MU6vFnS3NKI9ew,2026-09-29,"5 (Moxfield, author-set; auto 4)",40,0,0,1,0,8,8,2,8,9,0,2.93,18,11,9,12,6,1,3
"Celes, Rune Knight",https://moxfield.com/decks/bh40TYVQ2UWWHBcoF7pn6w,2026-10-05,"5 (Moxfield, author-set; auto 4)",27,9,5,4,6,0,8,0,10,4,0,1.75,31,27,11,3,1,0,0
Ellivere of the Wild Court,https://moxfield.com/decks/eb7L1NnJ_UefJC_vNGQkcw,2026-10-07,"5 (Moxfield, author-set; auto 4)",28,6,0,11,0,1,5,0,7,2,1,2.17,28,21,10,7,5,1,0
"Glarb, Calamity's Augur",https://moxfield.com/decks/FaRq0CATYku2G6Z_ANp9TQ,2026-10-05,"5 (Moxfield, author-set; auto 4)",26,6,2,8,4,2,4,3,10,0,1,1.91,37,15,14,6,1,0,1
"Heliod, Sun-Crowned",https://archidekt.com/decks/18520785,2026-10-04,"4 (Archidekt, author-set)",32,5,4,0,0,0,7,2,6,7,1,2.03,26,21,14,4,2,1,0
Kaalia of the Vast,https://archidekt.com/decks/7413006,2026-10-06,"4 (Archidekt, author-set)",29,2,8,0,2,0,6,0,8,1,0,3.51,17,16,9,9,3,5,12
"Kinnan, Bonder Prodigy",https://moxfield.com/decks/Mi4yPy0jFUGPx6pI5x3OVw,2026-09-22,"5 (Moxfield, author-set; auto 4)",25,8,4,10,0,0,6,1,9,4,7,2.29,23,23,17,7,2,1,2
"Koma, Cosmos Serpent",https://archidekt.com/decks/3646160,2026-08-20,"4 (Archidekt, author-set)",32,0,0,0,0,15,9,3,2,2,1,2.71,12,21,21,7,5,0,2
"Krark, the Thumbless",https://moxfield.com/decks/PQ9PfU5bX0SKmSWoBhe2aA,2026-08-07,"5 (Moxfield, author-set; auto 4)",25,8,2,6,5,0,7,2,8,4,1,1.89,34,19,16,4,1,0,1
"Kratos, God of War",https://archidekt.com/decks/16306373,2026-09-30,"4 (Archidekt, author-set)",31,6,1,6,4,1,2,0,4,2,1,3.01,18,11,19,8,6,4,3
"Lumra, Bellow of the Woods",https://moxfield.com/decks/M_pcU9UU_UOLeWUVrgD7Aw,2026-09-17,"5 (Moxfield, author-set; auto 4)",47,5,1,7,1,6,2,0,10,4,5,2.42,17,11,15,6,2,1,1
"Magda, Brazen Outlaw",https://moxfield.com/decks/xmH0i1HMHUi2iCd279RYPA,2026-09-06,"5 (Moxfield, author-set; auto 4)",25,7,3,6,2,0,3,0,2,6,2,2.27,27,19,17,7,2,2,1
"Obeka, Brute Chronologist",https://archidekt.com/decks/2172726,2026-09-16,"4 (Archidekt, author-set)",33,1,5,3,1,0,4,2,5,4,1,2.73,8,28,14,10,6,0,1
"Rakdos, the Muscle",https://moxfield.com/decks/hraUlzrXJE-73XP5y38sdQ,2026-09-07,"5 (Moxfield, author-set; auto 4)",20,8,4,18,7,0,1,0,5,3,1,2.16,31,20,20,2,5,0,2
"Talion, the Kindly Lord",https://moxfield.com/decks/1DSNHF1Ju0yWCObsgOcXmQ,2026-09-21,"5 (Moxfield, author-set; auto 4)",27,7,5,0,2,0,10,0,5,3,1,2.21,24,25,11,9,2,0,2
"Terra, Magical Adept // Esper Terra",https://moxfield.com/decks/rkfPluCxT0yK3ktOuDZAEQ,2026-09-02,"5 (Moxfield, author-set; auto 4)",26,6,2,10,6,1,7,4,12,3,0,1.72,40,18,9,5,2,0,0
"Thrasios, Triton Hero",https://moxfield.com/decks/BNWjUa_lA0mzxNpgpHDGSA,2026-10-09,"5 (Moxfield, author-set; auto 4)",27,9,0,10,1,2,3,2,10,6,6,1.84,32,22,13,3,3,0,0
"Toph, the First Metalbender",https://archidekt.com/decks/5996567,2026-10-09,"4 (Archidekt, author-set)",38,4,3,4,0,6,3,0,4,3,1,2.71,15,13,15,13,3,3,0
"Valgavoth, Harrower of Souls",https://archidekt.com/decks/9277180,2026-10-07,"4 (Archidekt, author-set)",33,1,4,0,2,0,10,0,4,3,1,2.7,11,21,23,8,2,0,2
Vivi Ornitier,https://moxfield.com/decks/oumM4rK-O0uZtgaatbHNrA,2026-10-06,"5 (Moxfield, author-set; auto 4)",24,10,2,5,3,0,6,6,4,1,3,1.88,37,15,17,3,3,0,1
"Wilhelt, the Rotcleaver",https://archidekt.com/decks/5072301,2026-10-08,"4 (Archidekt, author-set)",33,2,3,2,3,0,7,0,8,2,2,2.43,19,20,18,4,2,3,1
"Shalai, Voice of Plenty",https://archidekt.com/decks/21015429,2026-09-08,4,37,4,1,5,0,1,7,2,10,8,6,2.02,26,19,14,2,1,0,1
"Shalai, Voice of Plenty",https://archidekt.com/decks/21098407,2026-03-25,"4 (Archidekt, author-set)",34,0,0,2,0,7,5,0,4,5,2,3.39,8,15,15,11,9,3,5
"Shalai, Voice of Plenty",https://archidekt.com/decks/26388397,2026-10-01,4,30,3,2,10,0,0,7,0,11,10,4,2.54,20,19,19,6,1,1,4
"Shalai, Voice of Plenty",https://edhrec.com/average-decks/shalai-voice-of-plenty/optimized,2026-10-06,Optimized (EDHREC average),35,3,1,6,0,4,9,0,5,4,2,2.83,18,14,14,9,5,1,4
"Shalai, Voice of Plenty",https://moxfield.com/decks/3rvLmvsbfES7I6n6Fj3FIQ,2026-07-07,b4/auto4,35,1,1,4,0,5,7,0,6,3,1,3.35,13,12,14,11,4,4,7
"Shalai, Voice of Plenty",https://moxfield.com/decks/3zycKcQeWEGNxdT_LzejLA,2026-09-24,"4 (Moxfield, author-set; auto 4)",28,7,0,11,0,1,4,0,13,6,5,1.88,33,19,14,5,1,0,0
"Shalai, Voice of Plenty",https://moxfield.com/decks/Edh3uNCJ1UKq6jhC9goeXQ,2026-10-09,"4 (Moxfield, author-set; auto 4)",34,4,0,3,0,5,9,0,7,7,3,2.73,15,15,17,14,2,0,3
"Shalai, Voice of Plenty",https://moxfield.com/decks/HGE4R2XCeEOs6PdZJ4Byyg,2026-08-29,"4 (Moxfield, author-set; auto 4)",38,3,2,2,0,3,11,0,4,4,0,3.29,11,12,14,13,5,2,5
"Shalai, Voice of Plenty",https://moxfield.com/decks/Ssl9sgdAHESBxWLiktKZWg,2025-02-12,b4/auto4,26,5,0,10,0,2,6,0,12,6,4,2.49,26,15,19,6,3,2,3
"Shalai, Voice of Plenty",https://moxfield.com/decks/UodV4YLerEmS7-42rIgA5Q,2024-10-26,b5/auto4,31,8,2,8,0,1,4,1,12,8,5,1.78,35,16,13,4,0,1,0
"Shalai, Voice of Plenty",https://moxfield.com/decks/ZEjDYp9TtEi7odTjbmAB6g,2026-10-06,"4 (Moxfield, author-set; auto 4)",35,1,2,4,0,7,4,0,6,6,3,3.09,9,11,26,11,2,3,3
"Shalai, Voice of Plenty",https://moxfield.com/decks/_P7TxbJsNUqwQbbL57BEJg,2026-10-04,b4/auto4,34,1,1,2,0,3,9,0,5,7,0,2.76,18,12,18,9,6,2,1
"Shalai, Voice of Plenty",https://moxfield.com/decks/cVN7OjyxAU6WtRZk12L4kA,2026-07-21,"4 (Moxfield, author-set; auto 4)",31,1,3,2,0,2,5,0,2,8,1,3.41,11,14,12,12,12,5,3
"Shalai, Voice of Plenty",https://moxfield.com/decks/mEqTmCgn70W6PL6fucxRgA,2026-08-13,"4 (Moxfield, author-set; auto 4)",32,5,2,4,0,3,8,2,11,7,4,2.34,24,18,17,5,1,1,2
"Shalai, Voice of Plenty",https://moxfield.com/decks/of28bO9hPE2lN4UDi1PCtg,2026-04-29,b5/auto4,35,1,2,6,0,3,8,0,6,5,3,2.86,14,18,13,11,4,2,3
"Shalai, Voice of Plenty",https://moxfield.com/decks/z_12-vijXkeTyBz-TmZplQ,2026-10-06,"4 (Moxfield, author-set; auto 4)",34,1,1,5,0,0,3,0,4,7,1,3.18,13,13,13,11,11,3,2
"Trostani, Selesnya's Voice",https://archidekt.com/decks/15997080,2025-09-14,4,34,1,1,10,0,0,4,0,0,11,1,3.42,9,8,23,9,8,7,2
"Trostani, Selesnya's Voice",https://edhrec.com/average-decks/trostani-selesnyas-voice/optimized,2026-10-07,Optimized (EDHREC average),36,1,2,7,0,4,5,0,2,8,3,3.09,15,16,8,10,9,2,4
"Trostani, Selesnya's Voice",https://moxfield.com/decks/OMSnnZoC-U-UFwBSyNDv5Q,2025-01-29,b4/auto4,32,1,0,5,0,5,3,0,2,6,0,4,8,10,12,10,12,7,9
"Trostani, Selesnya's Voice",https://moxfield.com/decks/clz23nIbj0WT5AOWMmXCkw,2026-08-19,b4/auto4,34,1,1,2,0,7,6,0,6,7,1,3.55,7,15,12,15,11,1,5
"Trostani, Selesnya's Voice",https://moxfield.com/decks/wRT3f_0R0UKTR3xfAtgWFQ,2026-09-29,b4/auto4,33,0,0,7,0,3,10,2,3,6,3,3.15,12,15,15,12,6,4,3
